{
    "output_dir": "output/firefly-bloom-3b-pretrain-full",
    "model_name_or_path": "bigscience/bloom-3b",
    "deepspeed": "./train_args/ds_z3_config.json",
    "train_file": "./data/pretrain",
    "train_mode": "full",
    "task_type": "pretrain",
    "num_train_epochs": 1,
    "tokenize_num_workers": 10,
    "per_device_train_batch_size": 1,
    "gradient_accumulation_steps": 16,
    "learning_rate": 1e-5,
    "max_seq_length": 1024,

    "logging_steps": 100,
    "save_steps": 100,
    "save_total_limit": 1,
    "lr_scheduler_type": "cosine",
    "warmup_ratio": 0.01,

    "gradient_checkpointing": true,
    "logging_first_step": false,
    "disable_tqdm": false,
    "optim": "adamw_hf",
    "seed": 42,
    "fp16": true,
    "report_to": "tensorboard",
    "dataloader_num_workers": 0,
    "save_strategy": "steps",
    "weight_decay": 0,
    "max_grad_norm": 1.0,
    "remove_unused_columns": false
}